name,title,url,description,score,tags
써머레인,한남동 브런치 카페 추천 > 호주식브런치를 맛볼수 있는... ,https://blog.naver.com/hjmama2/221805894016,#한남동브런치 #한남동카페추천 > #호주식브런치 를 맛볼수 있는 #썸머레인 #summerlane 오랫만에 반차 쓰고 #부부의날 ㅋㅋㅋㅋㅋㅋㅋㅋㅋㅋㅋㅋㅋ 남편이랑 데이트를 해봅니닷! 인스타에서 가보고싶었던 곳이였어요!!... ,5.0,"['디저트', '샹그리아', '와플', '케이크', '브런치', '나들이']"
써머레인,[이태원] 써머레인/ 진저와 함께 호주식 브런치를 즐길 수 있는 곳,https://blog.naver.com/jshee2358/221804536996,연차를 뭘하면서 알차게 보낼까 하다가 마음에 담아둔 곳으로 브런치를 먹으러 가기로 합니다. 월요일 휴무 아니라 너무 좋고 아침일찍 열어서 더 좋은 이태원 써머레인 저는 9시 20분쯤 도착했어요. 써머레인은 아침 7시... ,5.0,"['디저트', '샹그리아', '와플', '케이크', '브런치', '나들이']"
써머레인,이태원 브런치카페 써머레인 인생 프렌치토스트..!,https://blog.naver.com/ajung8904/221785207562,한강진 호주식 브런치카페 써머레인 요새 제가 인터넷에서 가장 자주 보는 이미지. 바로 '프렌치토스트' 에요 ㅋㅋㅋ. 어느 순간 프토 사진을 우연히 보고난 뒤 먹고싶다..먹고싶다...!! 하다가 그래! 직접 만들어보자... ,5.0,"['디저트', '샹그리아', '와플', '케이크', '브런치', '나들이']"
써머레인,새롭게 오픈한 한남동 애견동반카페 써머레인,https://blog.naver.com/ppikkazzu/221757699104,경리단길에서 핫했던 애견동반가능한 카페 써머레인 제가 왜 과거형을 썼냐구요? 바로 지난달 그 써머레인이 경리단길에서 한남동으로 이전을 했기 때문이죠~ 2년 전쯤 써머레인 처음 방문했을땐 그래도 여유가 있었는데... ,5.0,"['디저트', '샹그리아', '와플', '케이크', '브런치', '나들이']"
써머레인,[한남동] summer lane,https://blog.naver.com/mykitty93/221769686773,"요즘 뜨는 호주식 브런치집, #썸머레인 웨이팅을 생각해서 11시로 했지만 (아 난 20분 늦음 ^^ 난 쓰레기니까 ^^) 20분 웨이팅이 있었음... 역시 핫플... 호주식 브런치 답게 롱블랙과 플랫화이트가 있군용 그치만 난 아아... ",5.0,"['디저트', '샹그리아', '와플', '케이크', '브런치', '나들이']"
써머레인,경리단길 브런치 썸머레인,https://blog.naver.com/elice1000/221649031541,경리단길 브런치 썸머레인 챠니는 친정에서 자고 신랑이랑 나는 집으로 갔는데 다음날 일어나니 날씨가 너무 좋다. 남이해준 아침밥 먹을때가 제일 신나~ 챠니 데리러갈겸 이태원가자하고 나왔는데 경리단길갈까??... ,5.0,"['디저트', '샹그리아', '와플', '케이크', '브런치', '나들이']"
써머레인,경리단길 브런치 썸머레인에 강아쥐랑 출동!,https://blog.naver.com/tlawlgus77/221588695996,나도 다녀왔다네 경리단길 쎰머레인 ㅋ (summet lane) 어느 주말 동생과 멍뭉이 델고 집을 나섭니다. 나올때는 시원했어요 ㅎ 그러나 요즘 핫 하다는 수퍼막쉐 앞에서는 이미 그로기 헥헥 저질 체력 해맑은 울 강쥐랑 통나무통... ,5.0,"['디저트', '샹그리아', '와플', '케이크', '브런치', '나들이']"
써머레인,[일상] Oxygen Breathing (Summer Lane ),https://blog.naver.com/wlsdk3246/221806422619,"내가 제일 좋아했던 장미꽃 꽃을 선물받으면 항상, 건조 후 화병에 담거나 벽에 걸어 두었는데, 집이 점점 난잡해지는 걸 보고 내가 가장 아꼈던 다발 빼고는 다 버렸다. 꽃을 사는것도 선물받는것도 너무 좋아하지만... ",5.0,"['디저트', '샹그리아', '와플', '케이크', '브런치', '나들이']"
써머레인,한남동 브런치: 호주식 브런치 썸머레인 Summerlane,https://blog.naver.com/h9650/221810620731,"썸머레인(Summerlane) Open every day 07:30am-18:00pm Last order 17:00pm instagram@ summerlane_brunch 원래 경리단길에 위치해 있다가 작년12월 한강진역-이태원역 사이로 이사한, 호주식 브런치를 표방하는 썸머레인. 이사하고 더 핫해진... ",5.0,"['디저트', '샹그리아', '와플', '케이크', '브런치', '나들이']"
써머레인,진짜 호주식 브런치를 먹을 수 있는 경리단길 맛집 [SUMMER LANE],https://blog.naver.com/yukino3333/221557776488,"호주에서 10년 넘게 살고 있는 친구가 한국에 들어올때마다 한국식 브런치가 너무 아쉽다고, 진짜 호주식 브런치를 맛보여주겠다며 호주에서 오신 분들이 하는 가게로 저를 데리고 가주셨습니다 +_+ 한국에서의 브런치와... ",5.0,"['디저트', '샹그리아', '와플', '케이크', '브런치', '나들이']"
써머레인,이태원카페 한남동 브런치 써머레인 summer lane ( 호주식 커피... ,https://blog.naver.com/large_1/221791431731,summer lane 이태원 카페 한남동 브런치 이태원역과 한강진역 사이에 위치한 써머레인 추워서 잠을 잘 못자고 숙취를 안고 이태원 에어비앤비에서 나온 우리 도착한 곳은 호주식 브런치와 디저트를 제공하는 써머레인... ,5.0,"['디저트', '샹그리아', '와플', '케이크', '브런치', '나들이']"
써머레인,경리단길 카페 써머레인 - 호주 르꼬르동블루 동문 인터뷰,https://blog.naver.com/cordonbleukr/221539079998,"그릴요리를 선보이는 경리단길 맛집 푸에고에 이어, 호주 르 꼬르동 블루 동문이 운영하는 특별한 경리단길 카페를 소개합니다! 호주식 브런치, 디저트를 선보이는 써머레인 (Summer Lane) Le Cordon Bleu... ",5.0,"['디저트', '샹그리아', '와플', '케이크', '브런치', '나들이']"
써머레인,여유로운 주말 브런치 맛집과 까페투어 운동하는여자일상,https://blog.naver.com/7868114/221795222464,안녕하세요 피투사 이소희트레이너 입니다. 주말이 지나고 다시 월요일이 돌아왔네요 다들 월요병 조심하세요 ~ ㅎㅎ 주말에 치팅이랍시고 맛있는것도 드셨겠죠 ?~ 저는 지인들과 함께 브런치먹방을 하고 왔어요 ! 넘나... ,5.0,"['디저트', '샹그리아', '와플', '케이크', '브런치', '나들이']"
써머레인,웰시코기 하레사샤 주말 산책 풀코스,https://blog.naver.com/ppikkazzu/221507678848,4월6일 Saturday 원래라면 언제나처럼 그리고 주말엔 더더욱 늦잠팡팡 때리린다고 12시쯤에나 좀비처럼 침대에서 기어나왔겠지만 이날은 어쩐일로 아침 7시에 눈이 뙇! 일기 예보에 오후부터 비온다는 소식도 있고해서... ,5.0,"['디저트', '샹그리아', '와플', '케이크', '브런치', '나들이']"
써머레인,[ 서울 | 이태원 브런치 카페 ] 써머레인,https://blog.naver.com/its-just-me/221810162171,여태 먹은 거 몰아 적느라 바쁜 이쩌미 입니다. 호주식 브런치 카페 써머레인 다녀왔어요 ! 베이컨 와플 에그 베네딕트 15.0 플랫 화이트 4.5 아보카도 바나나 주스 6.5 전체 메뉴는 못 찍었어요. 저는 평소에... ,5.0,"['디저트', '샹그리아', '와플', '케이크', '브런치', '나들이']"
써머레인,경리단길 카페 써머레인,https://blog.naver.com/gomtaeng0121/221453251628,"호주식 브런치가 예쁜 경리단길 카페 <Summer lane> 이태원, 특히 경리단길은 자주 가는 동네가 아닌데 요즘 들어 자주 가고 있다. 요즘 경리단길이 많이 지고 있다고는 하지만 맛있는 곳들은 여전히 사람이 많은듯. 이번에... ",5.0,"['디저트', '샹그리아', '와플', '케이크', '브런치', '나들이']"
써머레인,애견동반이 가능한 서울 맛집 3,https://post.naver.com/viewer/postView.nhn?volumeNo=16815955&memberNo=11677635&vType=VERTICAL,서울 시내에 반려견과 같이 갈 만한 가게를 찾기란 하늘의 별 따기만큼 어렵다. 그래서 직접 검색해보고 몸으로 부딪혀가며 뚫었다. 분위기 좋고 음식도 맛있고 사장님도 친절한 개 맛집. 연남동 CCB(Cure Coffee Bar)입구에 들어서면 미모의 여사장님이 강아지를 반긴다. 호주에서 다년간 유학생활을 한 그녀는 호주의 커피 맛에 반했다. 결국 그곳의 커피 맛을 잊지 못하고 직접 가게를 차렸다. CCB는 서울 시내에 호주산 원두를 사용하는 몇 안 되는 가게 중 하나다. ... ,5.0,"['디저트', '샹그리아', '와플', '케이크', '브런치', '나들이']"
써머레인,"오랜만에 주말의 이태원, 경리단길 summer lane 그리고 한남동... ",https://blog.naver.com/mibongss/221426543808,"일요일, 낮 이태원 어릴땐 정말 학교 끝나고 늘 오던 동네인데 (본이애미는 용산구에 있는 고등학교 다녔어요. ㅋㅋㅋㅋㅋ) 굉장히 오랜만에 시간내서 친구들 만나러 왔어요. 녹사평역, 시작은 순영이네 집 방문 육교지나... ",5.0,"['디저트', '샹그리아', '와플', '케이크', '브런치', '나들이']"
써머레인,호주식 브런치 카페 이태원 섬머레인 | Summer lane,https://blog.naver.com/0701____/221361993309,"Summer Lane 매일 8:30 ~ 17:00수요일 휴무02-792-8114 한국에 있는 ""브런치 카페"" 들은 11시나 12시부터 여는데 여기는 아침 일찍 오픈해서 가보고 싶었다. 심지어 닫는 시간도 5시 ; ㅋㅋ 호주인 줄... ",5.0,"['디저트', '샹그리아', '와플', '케이크', '브런치', '나들이']"
써머레인,"이태원 브런치 / 예쁘고 맛있는 브런치 카페, 썸머레인 (Summer Lane)",https://blog.naver.com/seodaram/221393189907,"이태원 카페 / 평일 대낮부터 이태원에서 브런치를, 썸머레인 친구의 취업도 축하할겸 브런치를 먹기위해 평일 오전, 이태원에서 급 만났다. 친구가 알아온 이태원 브런치 카페 썸머레인(summer lane) 썸머레인 위치... ",5.0,"['디저트', '샹그리아', '와플', '케이크', '브런치', '나들이']"
써머레인,"경리단 호주식 브런치 카페 썸머레인, Summer Lane",https://blog.naver.com/bluuchu/221208469135,"경리단길에 새로생긴 호주식 브런치카페, summer lane 상권이 자주 바뀌는 경리단길... 골목골목에도 새로운 카페들이 자꾸 생겨난다. 썸머레인은 벨라랑 밤비랑 산책 하며 오가다 많이 봤던 곳. 드디어 와봤다... ",5.0,"['디저트', '샹그리아', '와플', '케이크', '브런치', '나들이']"
써머레인,평범한 직장인의 여행스케치 - 이태원 경리단길 브런치 카페... ,https://blog.naver.com/moonn6pense/221310387920,지난번 드라이브 중 지나가다 들렀던 이태원 경리단길의 브런치 카페 써머레인에서 그렸던 펜드로잉 그림을 마무리하기 위해서 오늘 다시 한 번 이곳을 방문. 여행드로잉을 완성하겠다는 목표도 있었지만 사실 지난 번... ,5.0,"['디저트', '샹그리아', '와플', '케이크', '브런치', '나들이']"
써머레인,[경리단길]Summer Lane,https://blog.naver.com/wjdtlfud/221213968930,최강한파였던 1월 말 서울나들이에서 방문했던 경리단길 summer lane 호주식 브런치를 즐길 수 있는 곳 추웠던 날임을 실감할 수 있는 가게 앞 얼음들 ㅋㅋ 진짜 머리가 얼어서 날아갈 거 같은 날이었는데 지금 생각해보니... ,5.0,"['디저트', '샹그리아', '와플', '케이크', '브런치', '나들이']"
써머레인,#이태원/경리단길 맛집 써머래인/썸머레인 SUMMER LANE,https://blog.naver.com/h00000n/221199743907,경리단길 지나가면서 어?! 여기 뭐지? 의문만 품고 아예 잊혀졌던 카페 빙봉갔다가 삼단 트레이 품절이라 아무런 계획없이 걷다가 다시 만났다. 그리고 무한 만족하고 나왔다. 한국에서 보기 드문 호주식 브런치 카페... ,5.0,"['디저트', '샹그리아', '와플', '케이크', '브런치', '나들이']"
써머레인,이태원/경리단) 브런치 맛집 써머레인 Summer Lane,https://blog.naver.com/sonovi2010/221263516718,경리단 브런치 맛집 써머레인 Summer Lane 원래 오믈렛 집 가려고 했는데 왜 하필 ㅋㅋ 우리 갔던 날 휴무 ㅎㅎ 그래서 급 검색해서 가게 된 써머레인! Summer Lane !! 결론은 만족 ㅋㅋㅋ 써머레인 입구 근데 여기 오려면 ㅋㅋ... ,5.0,"['디저트', '샹그리아', '와플', '케이크', '브런치', '나들이']"
써머레인,이태원 브런치 카페 써머레인,https://blog.naver.com/cocogom/221277505172,학교 선배 & 동기를 만난 곳이 바로 이태원의 써머레인이었다 이태원 브런치를 먹을 일이 없었는데 우연찮게 기회가 되서 멀리까지 나갔다 근데 ㅜㅠ 아 이 강남에는 없는 이국적인 비주얼.. 그리고 구라파인들이 많은... ,5.0,"['디저트', '샹그리아', '와플', '케이크', '브런치', '나들이']"
써머레인,summerlane / 써머레인 / 한남동 브런치 / 플렉토스튜디오 / barre,https://blog.naver.com/sasa1009/221802496885,오랜만에 블로그! 앞으로는 하루하루의 소중함을 많이 기록해야겠다 이번 주말은 해리샘을 오랜만에 만나서 브런치 / 바레 원데이클래스 듣기로 한 날 ! 써머레인 / summerlane 원래 가려던 브런치카페가 닫아서 여기로... ,5.0,"['디저트', '샹그리아', '와플', '케이크', '브런치', '나들이']"
써머레인,Summer lane,https://blog.naver.com/cau4773/221802978063,너무 오랜만인 한남동 ; - ) 친구와 나는 여유로움을 만끽하기 위해 이곳 'Summer lane' 브런치카페에 왔다. pm 4 쯤 갔었는데 그래도 대기가 있었다. 내앞에 3명.. (우린 창가쪽을 원해서 좀 기다렸다.) 자세히 알아보고 온건... ,5.0,"['디저트', '샹그리아', '와플', '케이크', '브런치', '나들이']"
써머레인,이태원 호주식 브런치 써머래인/ summer lane,https://blog.naver.com/kisses744/221504486370,이슬이렁 오랜만에 데이트~~ 애기 낳기전에 보고 이번에 보니 애기가 애기를 낳은 느낌이 뭔지 알겠다^^ 고딩같은 얼굴로 딸래미를 안고~~~ 그래도 행복해 보여사 다행이야^^ 이분은 엄청 난 대형견을....... 사람보다 더 큰듯... ,5.0,"['디저트', '샹그리아', '와플', '케이크', '브런치', '나들이']"
써머레인,[경리단길] 써머레인,https://blog.naver.com/lunabambi/221231022010,설연휴에 한가한 서울에서 브런치 먹기로 했는데 어딜 가야할까 하다가 간 곳 'w' 호주식 브런치라고...! 파란색 포인트가 좋았다 아이 러브 블루! 스포츠도 파란팀!! (그거아냐) 프렌치토스트랑 베이컨 에그 베네딕트... ,5.0,"['디저트', '샹그리아', '와플', '케이크', '브런치', '나들이']"
써머레인,[이태원] 써머레인 Summer Lane - 외국 온 것 같은 느낌 (가격/메뉴),https://blog.naver.com/jennifer337/221778563400,정말 와보고 싶었던 써머레인 부자피자 골목으로 쭉 들어가면 나온다 사람이 정말 많아서 웨이팅을 30분이나 해야했던.. 하지만 분위기가 정말 좋아서... 기다려야만 했던 요기조기 댕댕이들이 보여서 좋았당 드디어... ,5.0,"['디저트', '샹그리아', '와플', '케이크', '브런치', '나들이']"
써머레인,경리단 브런치 맛집! Summer Lane ♥,http://store.naver.com/cafeRedirect?cafeUrl=ec0561a91dd6384dba35bc96306539b539c1bd7ce0e111f211fb7d7af6be91edd598f2d64a3cf658ba0197a0684c37b0&query=733920762,"주말에 다녀온 경리단길 브런치 맛집이에요~!! 호주식 브런치를 하는곳이라고 하네요! 날씨가 너무 좋았어요! 주변 다른가게들은 한산했는데, 여긴 이미 만석..ㅠ 10분정도 기다리다 들어갈수 있었습니당 내부가 넓은편은... ",5.0,"['디저트', '샹그리아', '와플', '케이크', '브런치', '나들이']"
써머레인,summer lane(써머레인/썸머레인)  : 이태원 경리단길 이쁜 브런치카페!,https://blog.naver.com/wlsdud502/221142660528,"포스팅안한지도 2주가 넘었고 오늘 소개할 카페를 갔다온지도 2주가 넘었다... 이그.어서 포스팅을 해야지ㅋㅋㅋㅋ 오랜만에 대학친구인 양갱, 윤쟁 양갱친구 혜은이랑 만나서 이태원 써머레인에 갔다!_! Summer lane 호주식... ",5.0,"['디저트', '샹그리아', '와플', '케이크', '브런치', '나들이']"
써머레인,오늘의 브런치는 하레와 함께,https://blog.naver.com/ppikkazzu/221168211138,네~ 그래요 오늘도 브런치 먹으러 또 갔어요 써머레인 ㅎㅎㅎㅎ 점심때 하레는 침맞으러 가야하는데 그전에 응가랑 쉬야 밀어내기 한판 산책할겸 써머레인 오픈시간 맞춰 이른 아침에 출동했죠 바쁜 하루의 시작은 아침에... ,5.0,"['디저트', '샹그리아', '와플', '케이크', '브런치', '나들이']"
써머레인,[경리단길 브런치] 써머레인 Summer Lane,https://blog.naver.com/olivia1113/221094836007,"여름에 어울리는 호주식 브런치 가게, 경리단길 써머레인 경리단길에 호주식 브런치와 디저트를 판매하는 써머레인 (Summer Lane)이 오픈했어요 예쁜 비주얼의 브런치와 디저트가 있어서 다녀왔습니다. 경리단길 써머레인... ",5.0,"['디저트', '샹그리아', '와플', '케이크', '브런치', '나들이']"
써머레인,[경리단길/써머레인]햄볶는 주말브런치,https://blog.naver.com/sellyscake/221278968800,저어어엉말 오랜만에 휴무가 맞은 우리의 브런치 심지어 주말의 브런치라니 넘나 죠타죠타！ 전부터 가보고싶었던 써머레인(summer lane) 동네에 있어 여유있게 브런치하러 출발 우리 찡찡이도 갈수있는곳이라 너도 같이... ,5.0,"['디저트', '샹그리아', '와플', '케이크', '브런치', '나들이']"
써머레인,애견동반 이태원 핫플레이스 4곳,http://post.naver.com/viewer/postView.nhn?volumeNo=16597905&memberNo=615207&vType=VERTICAL,반려견과 함께 맛집과 예쁜 카페 가보아요~ 인스타그램 samcorgi 맛집도 많고 예쁜 카페도 많은 이태원! 반려견과 함께 가도 좋아요 :) 애견 동반 가능한 이태원 핫플레이스 알아볼까요?  1. 이태원 개과점 이태원개과점 서울특별시 용산구 회나무로13가길 42 지도보기 인스타그램 ggul_mozzi 정성으로 만든 반려동물 수제 간식을 판매하면서 반려견 동반이 가능한 카페 겸 펍이에요. 사진처럼 인조잔디도 있어요 :) 인스타그램 hoya_whippet 카페와 펍이 공간이 나누어져 있어 한... ,5.0,"['디저트', '샹그리아', '와플', '케이크', '브런치', '나들이']"
써머레인,한남동 애견동반 브런치 '써머레인 (summer lane),https://blog.naver.com/rlfghdtjd/221758435838,친구 댕댕이랑 호주식 브런치 먹으러 써머레인~! 원래 경리단길쪽에 있었는데 12월 초에 한남동으로 이전하면서 훨씬 넓어졌다 애견동반 가능해서 더 좋은 곳 썸머레인 위치는 요기 평일이었는데도 딱 점심시간에... ,5.0,"['디저트', '샹그리아', '와플', '케이크', '브런치', '나들이']"
써머레인,[한남동] 써머 레인 Summer Lane,https://blog.naver.com/merryoung_office/221797438443,한남동에서 제일 맛있는 브런치가게 그리고...강아지♥ 한남동에 애견동반 가능한 브런치 카페 ! 오픈한지 얼마안되었지만 곧 어마어마한 웨이팅이 있을 것 같다. (지금 쯤이면 웨이팅 전쟁일듯 ㅎㅎ) 왜냐면 동네에... ,5.0,"['디저트', '샹그리아', '와플', '케이크', '브런치', '나들이']"
써머레인,"[한남동] 브런치 데이투 (ft.써머레인, 현카 뮤직라이브러리)",https://blog.naver.com/ddaxxunnah/221783576520,2020.01.17 비교적 최근이라 날짜를 기억한다..ㅎㅎ 혜령이랑 원래 여름부터 노래불렀던 로데오 브런치카페에 갔다가 한남동으로 넘어가기로 했지만 내가 바로 전날밤에 홍콩에서 돌아오고 둘다 나이먹어서... ,5.0,"['디저트', '샹그리아', '와플', '케이크', '브런치', '나들이']"
써머레인,[한남/브런치] Summer lane 썸머레인,https://blog.naver.com/minximi/221786649274,오랜만에 여유롭게 쉬는 날&설연휴 한긋지게 선데이 #브런치 #한남동 #한강진 브런치 디폴트는 오아시스였는데 새로운 곳 가보고 싶어서 여러곳 찾아보다가 연휴에도 오픈하는 썸머레인 가보기로! 창이 매우 커서 채광도... ,5.0,"['디저트', '샹그리아', '와플', '케이크', '브런치', '나들이']"
써머레인,"이태원 Summer Lane, 호주식 브런치 먹어보기",https://blog.naver.com/my2dimple/221757949980,"오랜만에 이태원을 다녀왔다. 저녁에 비가온다더니, 낮부터 날씨가 꾸물 꾸물했다. 호주식 브런치를 먹을 수 있는 써머레인으로 고! 이태원 역과 한강진 역 사이 쯤에 있어서, 어느역에서 내려도 좋을 것 같다. 써머레인... ",5.0,"['디저트', '샹그리아', '와플', '케이크', '브런치', '나들이']"
써머레인,[한남] 브런치 맛집 Summer Lane,https://blog.naver.com/aubby21/221742991971,"요즘 연말이라 이런저런 모임들이 많다. 학기 중에자주 못봤던 친구들도 차차 만나고 있다. 그 중 맛집 찾기가 취미인 친구가 데려간 곳! 오전에 같이 겨울왕국2를 보고, 가는 내내 감탄하고 토론하고 들떠서... ",5.0,"['디저트', '샹그리아', '와플', '케이크', '브런치', '나들이']"
써머레인,이태원 브런치 맛집 써머레인/Summer lane,https://blog.naver.com/vertanne/221786740593,"안녕하세요~ 베르앤이에요. 최근 꽃 관련 포스팅에 집중하여 업로드 해왔는데, 최근 정말 기분좋게 다녀온 곳이 있어서 포스팅 합니다~ 구정 연휴에는 도매시장도 휴무를 길게 가지게 돼요. 그래서 저도 아주 맘편히 쉴 수... ",5.0,"['디저트', '샹그리아', '와플', '케이크', '브런치', '나들이']"
써머레인,[써머레인] 이태원 한강진 브런치 / 호주식 브런치 / 데일리룩,https://blog.naver.com/jungwon7_7/221771690525,평소와 다른 곳으로 브런치를 먹으러 가기로 했다. 인스타에서 본 써머레인 아침 7시반부터 하길래 가족끼리 아침부터 부랴부랴 나섰다 ㅎㅎ 간판이 귀엽네 rain 아니라 lane 호주식 브런치라고 한다. 외국인들이 많아서... ,5.0,"['디저트', '샹그리아', '와플', '케이크', '브런치', '나들이']"
써머레인,이태원맛집추천) 호주식 브런치 Summer Lane! 내돈내산 후기!,https://blog.naver.com/f2cm86/221772746649,안녕하세요! 대전 영어학원 대전 스피커어학원입니다 ㅎㅎ 오늘은 오랜만에 맛집 포스팅이에요! 지난 주말에 제가 서울에 다녀왔는데요 거기서 존맛탱 맛집을 다녀와서 이렇게 포스트를 써봅니다 +_+ 여러분 브런치... ,5.0,"['디저트', '샹그리아', '와플', '케이크', '브런치', '나들이']"
써머레인,"[서울/이태원] 로컬들한테 유명한 브런치집, SUMMER LANE (메뉴)",https://blog.naver.com/gamzaling/221763598127,이태원에서 유명하고 예쁜 음식점들이 모여있는 곳들이 있다. 여기도 그 중 하나! 브런치를 먹으러 들어갔다. 아침 7시 반부터 운영하는데 내가 갔을 11시 40분 쯤에도 사람이꽤 있었다. 코알라 하위~ 호주가정식이라서... ,5.0,"['디저트', '샹그리아', '와플', '케이크', '브런치', '나들이']"
써머레인,"한남동 호주 브런치 맛집 ""써머레인""(summerlane)",https://blog.naver.com/prayforwish/221761737747,"2020년 새해를 맞이하여, #한남동호주식브런치맛집 인 #써머레인 을 찾았습니다. 써머레인은 한남동에서도 호주식 브런치를 먹을 수 있는 맛집으로서, 한국인들과 외국인들에게 모두 사랑받고 있는 #한남동맛집... ",5.0,"['디저트', '샹그리아', '와플', '케이크', '브런치', '나들이']"
써머레인,이태원 썸머레인,https://blog.naver.com/yoomyang/221766572521,2019. 10. 23 독일에서 사시는 큰이모가 한국에 오셔서 이모들 모임에 내가 꼈다 안주이모 큰이모 꼬맹이이모랑 만났는데 꼬맹이이모 사무실 방문했다가 브런치 먹으러 간 #이태원브런치 #이태원호주식브런치... ,5.0,"['디저트', '샹그리아', '와플', '케이크', '브런치', '나들이']"
써머레인,써머 레인 Summer Lane,https://blog.naver.com/allekim_handmade/221785570930,설 연휴 중 하루^^ 메모리얼파크 다녀오는 길에 브런치 먹었어요. 자극적이지 않고 편안한 맛이 좋았습니다. 연어와플에그베네딕트 풀드포크오픈샌드위치 크로아상프렌치토스트 그릴드베지&할루미치즈샐러드... ,5.0,"['디저트', '샹그리아', '와플', '케이크', '브런치', '나들이']"
써머레인,summer lane.,https://blog.naver.com/judylouis/221735771521,"어마어마한 양의 베이컨, 계란, 아보카도. 정말 아낌없이 푸짐하게 내어주시는 한접시에, 너무너무 맛있기까지, 이런 곳 참 오랜만이에요 :-) 자꾸만 생각나는 건강하게 맛있었던 요거트. 작고 귀여운... ",5.0,"['디저트', '샹그리아', '와플', '케이크', '브런치', '나들이']"
써머레인,이태원맛집 호주식 브런치 가게 추천 . 썸머레인 (summer lane)... ,https://blog.naver.com/mind1018/221692458196,지난 주말 친구와 다녀온 이태원 경리단길 브런치 맛집 포스팅해요 . 너무 만족했고 또 방문할거에요 . 친구가 지인에게 추천받은 곳인데 이제 그 지인 완전 믿기로 했음. 썸머레인은 호주식 브런치 가게에요 뭔가 분위기가... ,5.0,"['디저트', '샹그리아', '와플', '케이크', '브런치', '나들이']"
써머레인,"한남동 맛집, 써머레인(썸머레인), 브런치 메뉴추천",https://blog.naver.com/brontez/221783977552,"오늘 한남동 맛집인 써머레인(썸머레인)에서 친구랑 호주식 브런치를 먹고 왔어요. 풀드포크오픈샌드위치와 연어와플에그베네딕트를 시켰는데요, 넘나 맛있는 것 플레이팅도 예쁘죠? summer lane... ",5.0,"['디저트', '샹그리아', '와플', '케이크', '브런치', '나들이']"
써머레인,[써머레인] 이태원 - 건강한 호주식 브런치,https://blog.naver.com/violetsbloom/221773133135,"오늘은 오랜만에 대학교 동아리 후배와 친구를 만났다. 친구의 사무실 근처에 위치한 #써머레인 #썸머레인 #summerlane YD가 꼭 시켜야한다는 요거트 그래놀라(7,000₩) 살몬 와플 베네딕트(15,000₩) Smashed Avo(15,000... ",5.0,"['디저트', '샹그리아', '와플', '케이크', '브런치', '나들이']"
써머레인,"한남동으로 이사온 브런치 맛집 ""써머레인(summer lane)""",https://blog.naver.com/prayforwish/221730740111,#한남동맛집 #한남동브런치맛집 #한남동브런치 #써머레인 #한남동써머레인 #경리단길에서한남동으로이사한써머레인 #스매쉬드아보카도 #아보카도브런치 12월 첫째 주 주말... 여자친구와 첫 눈을 처음 맞이한 기념으로... ,5.0,"['디저트', '샹그리아', '와플', '케이크', '브런치', '나들이']"
써머레인,"이태원 브런치 건강한맛, 좀 비싼곳, 섬머 레인 (Summer Lane)",https://blog.naver.com/gungde2/221773582889,호주식 브런치 전문점이라 하는데 호주식이 뭐가 특별한 지는 잘 모르겠습니다. 맛은 있는데 비건식도 있고 외국인들이 많이 방문하는 곳이라 그런지 건강한 맛이라 이거 먹고 라면 한사발 먹어야 할 것만 같은 그런... ,5.0,"['디저트', '샹그리아', '와플', '케이크', '브런치', '나들이']"
써머레인,경리단길 브런치 카페) 써머레인 Summer Lane,https://blog.naver.com/billjang9/221710951790,내준이랑 만나면 절대 프랜차이즈를 안 간다 둘 다 썽?에 안 차서 무조건 특별한 곳을 찾아야한다 해방촌에서 보니스 먹고 커피 마시러 간 써머레인 / 썸머레인 Summer Lane 나도 처음 이 골목 지나친듯 흰바탕에 파랑 뭔가... ,5.0,"['디저트', '샹그리아', '와플', '케이크', '브런치', '나들이']"
써머레인,2019년 10월의 일상,https://blog.naver.com/haaae48/221701564201,"퇴사 전 주에는 퇴근하고 을지로 아크앤북에 자주갔다. 요 책은 린넨 중심의 패브릭 소품과 생활용품을 파는 잡화점 사장님이 쓴 책인데 재밌게 읽었다! 린넨소재 좋아  이전에 왔을 때는 몰랐는데, 아크닉북 안에 엄청 큰... ",5.0,"['디저트', '샹그리아', '와플', '케이크', '브런치', '나들이']"
써머레인,경리단 썸머레인 브런치카페,https://blog.naver.com/gruvim1933/221668983201,보증금2000/월세140/권리금1300(조절가능)/51m² 100% 실매물만 소개 해드리는 동아 부동산 입니다:) ◈매물정보 - #이태원 #경리단길 #썸머레인 매장입니다 확장이전으로 내놓게되었습니다 - 트렌디한 인테리어로 #카페... ,5.0,"['디저트', '샹그리아', '와플', '케이크', '브런치', '나들이']"
써머레인,9월 19일 백수 18일차의 기록,https://blog.naver.com/s074701/221654191775,오늘의 To do list 1. 기출 16년까지 풀기 2. 브런치 with 면주 3. 전화영어 웰컴 면주 육지 상륙 추석때 못 봐서 아쉬웠는데 만나서 반가워! 점심 같이 먹을까? 했는데 가고싶었던 호주식 브런치 가게가 있다고해서 진짜... ,5.0,"['디저트', '샹그리아', '와플', '케이크', '브런치', '나들이']"
써머레인,10.14지연이랑 이태원데이트(써머레인브런치/카페테이프... ,https://blog.naver.com/fullmoon0813/221378386375,지난 일요일에는정말 오랜만에 고딩친구 지연이를 만났다. 지연이가 전 날 이태원 가서 브런치를 먹자고 해서'브런치는 무슨 브런치야'라고 생각하며그래라고 답했다. 지연이의 지인분이 운영하는이태원의 핫한 브런치... ,5.0,"['디저트', '샹그리아', '와플', '케이크', '브런치', '나들이']"
써머레인,이태원 경리단길 브런치 썸머레인 호주식 브런치 맛집,https://blog.naver.com/tkcci/221635750556,영업시간: open 8:30 - close 17:00 (월요일 휴무) 문의: 02 -792 - 8114 주소: 서울 용산구 회나무로 26길 43 이태원 경리단길 브런치 맛집 썸머레인 Summer Lane 지난 주말에 친구와 함께 브런치를 먹으러 이태원 경리단길로 향했다.... ,5.0,"['디저트', '샹그리아', '와플', '케이크', '브런치', '나들이']"
써머레인,"이태원/경리단길 카페_호주식 브런치 맛집, 썸머레인(Summer Lane)",https://blog.naver.com/bboyoung27/221653437623,"썸머 레인 Summer Lane 나와 뗄레야 뗄 수 없는 호주, 그리고 영원한 멜버른 사랑,,♥ 오랜만에 호주의 브런치가 그리워서 이태원으로 호주의 맛을 찾으러 가보았당 이태원에서 호주식 브런치로 오지힐도 유명하던데 휴무라서... ",5.0,"['디저트', '샹그리아', '와플', '케이크', '브런치', '나들이']"
써머레인,이태원 써머레인,https://blog.naver.com/haeony22/221730309213,이태원 브런치맛집 써머레인 이번에 확장이전한 써머레인! 브런치맛집을 찾아보다가 가게된곳 호주식브런치를 그대로 가져온맛..❤️ 내가시킨 연어와플에그베네딕트는 사진보다 양도많고 연어가 정말 풍성하게... ,5.0,"['디저트', '샹그리아', '와플', '케이크', '브런치', '나들이']"
써머레인,"[이태원]: Summer Lane &   Cafe 사루, 브런치먹고 카페까지",https://blog.naver.com/amycha7/221576056608,#0609 오래간만에 보는 친구들이랑 이태원에서 브런치 타임!! 썸머 레인은 호주식 브런치를 파는 곳이라고 친구가 소개해줘서 가보게 되었다. (근데 먹어보니까 뭐가 호주식인지는 그닥 잘 모르겠다...ㅋㅋㅋㅋㅋㅋㅋ) 후... ,5.0,"['디저트', '샹그리아', '와플', '케이크', '브런치', '나들이']"
써머레인,"[애견동반] ♥이태원 봄나들이♥ + 써머레인, 버클리커피소셜, 댄(DAN)",https://blog.naver.com/ilovesuzy/221506289738,오늘은 봄나들이 다녀온 일기! 탄이 멍멍친구 알밤이랑 이태원 나들이 다녀왔어요~ 지하철 타러 가는길~ 봄나들이 가려고 산 슬링백 메고ㅎㅎ 탄이는 기차는 몇번 타봤는데 지하철은 처음 타봤거든요 처음엔 지하철... ,5.0,"['디저트', '샹그리아', '와플', '케이크', '브런치', '나들이']"
써머레인,머물러 있는 청춘인 줄 알았는데,https://blog.naver.com/kangseohee1/221280103260,"외향적인 사람은 사람을 만나며 에너지를 얻고, 내향적인 사람은 혼자만의 시간을 가지며 에너지를 회복한다고 한다. 이런 면에서 보면 나는 내향적인 사람이다. 에너지나 의지력이 고갈되면 혼자 조용히 책을 보거나... ",5.0,"['디저트', '샹그리아', '와플', '케이크', '브런치', '나들이']"
써머레인,"summer lane, 이태원",https://blog.naver.com/hkh7738/221702774680,summerlane 경리단길 쪽 산동네위에 있는 가게. 떠들석한 분위기가 혼자 들어서기가 망설여졌다. 하지만 막상 들어가보니 그렇게 시끄럽지 않고 외국인들도 많아 외국에 동네 브런치 카페에 온 기분이 들어 좋았다.... ,5.0,"['디저트', '샹그리아', '와플', '케이크', '브런치', '나들이']"
써머레인,[이태원] 써머레인(SUMMER LANE) / 애견동반 가능 식단,https://blog.naver.com/403bora/221441610523,효수니랑 올만에 접선. 우리의 접선에서 개린이들을 두고 올 순 없지. 우리는 어느새부턴가 공원에서 만나든가 애견동반 식단을 찾기 시작했다. 집에 두고 올 수 없는 개린이들 덕분이지. 이 곳 저곳 찾아보다가 이태원의... ,5.0,"['디저트', '샹그리아', '와플', '케이크', '브런치', '나들이']"
써머레인,SUMMER LANE,https://blog.naver.com/suky105/221596572394,"지난 포스팅에 루트를 갔다가 반한 우리덜,,, 미술소품을 갔다가 다음 코스를 찾는데... 과연 그들은 맛있는 카페를 찾았을까?_? 네. 정말 이 또한 윤구픽으로 성공한 카페였어요. 바로 지도보여드릴게요. 미술소품이랑 엄청... ",5.0,"['디저트', '샹그리아', '와플', '케이크', '브런치', '나들이']"
써머레인,이태원 호주식 브런치 맛집 : 써머레인(SUMMER LANE),https://blog.naver.com/destinyjin1/221385846059,"이태원 호주식 브런치 맛집 써머레인 SUMMER LANE 주말에는 한끼는 브런치로 해결하고픈 요즘. 히포씨가 맛집 알아냈다고해서 이태원 써머레인 다녀왔어용 애완동물이 동반되서, 우리 우리랑 같이 다녀왔답니당 이태원... ",5.0,"['디저트', '샹그리아', '와플', '케이크', '브런치', '나들이']"
써머레인,인스타에서 핫한 꽃브런치 써머레인 (summer lane) 경리단길... ,https://blog.naver.com/y01chae/221328868813,써머레인에 여자여자 기분내러 가부쟈아 녹사평역에 내려서 마을버스 03번타고 내리니 좀더 가까워서 좋았다. 골목위로 조금만 올라가면 왼쪽에 하얗고 파란 가게가 보인다. 바로이곳!! 소원찡의 발걸음이 빨라진댱... ,5.0,"['디저트', '샹그리아', '와플', '케이크', '브런치', '나들이']"
써머레인,[이태원브런치/이태원맛집]이태원써머레인 내 최애 브런치 집 -!,https://blog.naver.com/sikotw/221607659695,이태원브런치 이태원 써머레인 방문! 벌써 꽤 많이 간 곳이다 모든 메뉴를 뚫어보기 위해서 ...!!앞으로도 자주갈듯 내가 지금까지 소개해준 친구들은 다 극찬하고 간곳 헤헿.... 이태원브런치 이태원 써머레인 메뉴 및 가격... ,5.0,"['디저트', '샹그리아', '와플', '케이크', '브런치', '나들이']"
써머레인,[이태원 / 녹사평역 / 경리단길] 썸머레인 summerlane,https://blog.naver.com/ggyurib/221567489669,오랜만에 친구들과 만나러 이태원으로 가는길 모처럼 점심약속이라 해떠있을때 보는게 생소함 날씨대박 하루전날 비가 와서 오늘 미세먼지도없고 완전 맑고 청아함 한 친구가 해방촌에 살아서 이 근방의 맛집을 꿰뚫고... ,5.0,"['디저트', '샹그리아', '와플', '케이크', '브런치', '나들이']"
써머레인,"썸머레인(SUMMER LANE), 이태원 경리단길 브런치카페. 한적한... ",https://blog.naver.com/pongstv/221383911759,"이태원은 참 매력적인 곳이야. 우리나라에서 외국의 정취를 느낄수 있는 몇 안되는 곳이지. 지역마다 있는 차이나타운을 제외하면, 이렇게 다국적인 문화가 녹아있는 공간이 존재한다는 것이 새삼 신기할 정도야. 흔히들... ",5.0,"['디저트', '샹그리아', '와플', '케이크', '브런치', '나들이']"
써머레인,"[써머레인] 서울 용산구 이태원 브런치 맛집, SUMMER LANE",https://blog.naver.com/dmsghk355/221526990632,"써머레인(SUMMER LANE) _ 경리단길 건강식, 호주식 브런치 & 카페 #서울 #용산구 #이태원 #경리단길 #서울맛집 #용산구맛집 #경리단길맛집 #이태원맛집 #브런치맛집 #경리단길핫플 #핫플레이스 #맛집추천 #브런치카페 외관... ",5.0,"['디저트', '샹그리아', '와플', '케이크', '브런치', '나들이']"
써머레인,이태원 브런치 카페 : 경리단길에서 눈과 입으로 즐길 수 있는... ,https://blog.naver.com/034243/221412328231,안녕하세요~~길거리요리사입니다. 오늘 포스팅 할 곳은 바로 최근에 경리단길에서 호주식브런치를 즐길 수 있는 이태원 브런치 카페로 핫한 유명세를 타고있는 곳인 SUMMER LANE(써머레인)이에요. 전에 살던 집 근처에 요즘... ,5.0,"['디저트', '샹그리아', '와플', '케이크', '브런치', '나들이']"
써머레인,[이태원 브런치]  평일 낮에 써머레인 다녀온 후기♡,https://blog.naver.com/ggalim1004/221493792589,평일 낮에 내 동거인 사촌동생과 브런치 먹으러 다녀온 후기♡ 녹사평역에서 10분남짓 걷다가 이런 급한 골목길을 지나면 똭 나온다! 호주 살다온 동생이 호주식 브런치를 파는데가 있다고!!! 가보자고 해서 한 2주 전부터... ,5.0,"['디저트', '샹그리아', '와플', '케이크', '브런치', '나들이']"
써머레인,녹사평브런치카페-섬머레인,https://blog.naver.com/kyunghwa0921/221482361517,작년 여름은 거의 한강수영장 아님 이태원에있었던거같다 여름 너무 좋은데 언제오는거지.. 암튼 여긴 에이바추천으로 옛날부터 가보고싶었던 호주브런치를 하는 곳! 섬머레인!! 난 약 오년간 오지였다 ㅎ.ㅎ hw r ya mate!!... ,5.0,"['디저트', '샹그리아', '와플', '케이크', '브런치', '나들이']"
써머레인,"[경리단길] 분위기 좋은 카페, Summer Lane Cafe",https://blog.naver.com/luv_boo/221411760146,안녕하세요 홀앙희에요 어흥 경리단길에 예쁘고 아기자기한 카페들이 많이 있단거 알고 계시죠? 오늘은 수많은 예쁜 카페들 중 분위기도 좋고 맛도 좋은 Summer Lane Cafe 후기를 가져왔어요! Summer Lane Cafe는 지하철 6호선... ,5.0,"['디저트', '샹그리아', '와플', '케이크', '브런치', '나들이']"
써머레인,이태원 브런치 카페 써머레인 외국갬성 ♥,https://blog.naver.com/hazi616/221407071303,이태원 브런치 카페 써머레인 외국갬성 오늘은 주말에 친구랑 다녀온 외국갬성 #이태원브런치카페 를 소개할께요 ! 친구가 댕댕이를 델꼬와서 아무데나는 못가구 #이태원애견동반 브런치카페로 다녀왔어요 *_* 두 메뉴... ,5.0,"['디저트', '샹그리아', '와플', '케이크', '브런치', '나들이']"
써머레인,이태원 브런치 반해버린 썸머레인 Summer Lane,https://blog.naver.com/1203eileen/221338208580,이제 슬슬 날이 풀려가는 느낌이 들다가고 대낮에는 어쩜 이리 더운지.. 어휴 빨리 겨울이나 와서 눈이 펑펑 내렸음 좋겠어요 ㅋㅋㅋㅋㅋㅋㅋㅋㅋ 스키도 타러가고 스노우보드도 타러가고 추워서 오들오들 떨고 싶은... ,5.0,"['디저트', '샹그리아', '와플', '케이크', '브런치', '나들이']"
써머레인,Summer Lane: 이태원 브런치 카페 써머레인에서 호주식 브런치 냠냠,https://blog.naver.com/danke_hy/221215299453,Summer Lane #이태원브런치 #호주식브런치 2018.02.11 지난 주말. 남자친구와 브런치를 즐기러 이태원에 갔다. 사실 브런치 처음 먹어보러 간다. ԅ(¯ω¯ԅ)기대된다~ 우리가 찾아간 곳은 호주식 브런치를 파는 “Summer Lane”... ,5.0,"['디저트', '샹그리아', '와플', '케이크', '브런치', '나들이']"
써머레인,"7월 11일, 일상",https://blog.naver.com/lindakim1022/221585003967,* 이태원에 있는 브런치 가게 입니다. #써머레인 주변 지인들에게 많은 추천을 받고 오빠와 다녀왔슴니다. 두번째 방문이었슴다. 외국인들이 많아서 방문하면 호주에 온 것 같은 느낌이 들어요. 요리도 참 정갈하지요.... ,5.0,"['디저트', '샹그리아', '와플', '케이크', '브런치', '나들이']"
써머레인,sᴜᴍᴍᴇʀ ʟᴀɴᴇ,https://blog.naver.com/cbcbvhd/221312059269,하늘로 힐링되던 날 은기랑 하늘미쳤다 백번외침 오늘은 집앞 브런치 맛집 소개에요 위치는 위에 표시해뒀구요 호주식 브런치집인데 외국인들도 많아요 Open 8:30 Close 18:00 외관은 심플합니당 왼쪽문 열지마세요 ㅋ... ,5.0,"['디저트', '샹그리아', '와플', '케이크', '브런치', '나들이']"
써머레인,경리단 호주식 브런치 카페 ‘SUMMER LANE’,https://blog.naver.com/gruvim1933/221348529932,서울시 용산구 이태원동 224-56에 위치한 호주식 브런치 카페 SUMMER LANE입니다 서머 레인은 저에게 항상 오늘 점심은 뭘 먹어야 하나 하는 걱정거리를 덜어주는 고마운 가게에요:) 갈 때마다 항상 따듯하게 맞아주시는... ,5.0,"['디저트', '샹그리아', '와플', '케이크', '브런치', '나들이']"
써머레인,경리단길 브런치집 /써머레인,https://blog.naver.com/jstiming/221518975484,10시 30분에 갔는데 웨이팅이 15분정도 있었다 여기서 제일 핫한 와플베네딕트!! 나는 스매쉬드아보카도먹었다. 가장 칼로리가 낮아보여서 선택했는데 먹다보니 칼로리 폭발하는거 먹고싶었다 쿠키같은 디저트도 판다... ,5.0,"['디저트', '샹그리아', '와플', '케이크', '브런치', '나들이']"
써머레인,이태원 나들이,https://blog.naver.com/yeoni_choi/221251417141,안녕안녕! 오늘은 친한 동생 우주랑 이태원 나들이를 다녀왔어요. 동생의 아는 블로거 언니네 가게에 갔답니다. 써머레인! Summer Lane! 프렌치 토스트랑 에그베네딕트를 먹었어요! 너무 맛있어서 진짜 싹쓸이했죠... 음료는... ,5.0,"['디저트', '샹그리아', '와플', '케이크', '브런치', '나들이']"
써머레인,경리단길 브런치:: 이태원 썸머레인 summer lane,https://blog.naver.com/niniyoon/221361364330,"주말엔 경리단길에서 브런치를♥ 아침저녁으로 기분 좋은 찬바람이 부는 요즘, 몇달 전 경리단길에서 가졌던 브런치 타임이 생각나 기억해보려 한다. 매일 매일 반복되는 햄스터찡 같은 일상이 지겹다면 모든걸 훌훌... ",5.0,"['디저트', '샹그리아', '와플', '케이크', '브런치', '나들이']"
써머레인,[이태원 맛집] 경리단길 브런치 SUMMER LANE,https://blog.naver.com/o_zzi/221241429743,입구 혜민샘 동료 원어민샘이 추천해준 #써머레인 ! 곤듀언니 생일 기념 지난주에 방문 ˃̵͈̑ᴗ˂̵͈̑ 내부 쪼그만 가게 아기자기한 느낌 근데 이날 따뜻해서 그랬는지 들어가자마자 증말 더워서 메뉴판으로 부채질함... ,5.0,"['디저트', '샹그리아', '와플', '케이크', '브런치', '나들이']"
써머레인,[써머레인 / SUMMER LANE] 이태원 경리단길 브런치 ~,https://blog.naver.com/good_dish/221363448105,"SUMMER LANE 안녕하세요. 곱창대왕입니다. 며칠 전 이태원(경리단길)에 위치한 써머레인(SUMMER LANE) 브런치 식당에 다녀왔습니다. 메뉴판입니다. 주문은 베이컨 와플 에그 베네딕트, 크로아상 프렌치 토스트, 롱블랙, 더티... ",5.0,"['디저트', '샹그리아', '와플', '케이크', '브런치', '나들이']"
써머레인,이태원/경리단 브런치카페<써머레인>,https://blog.naver.com/nana1451/221340109778,뜨거운 여름날 땀을 뻘뻘 흘리며 찾아간 브런치카페 '써머레인'!! 경리단길에서 유명한 맛집인지 들어가서 앉자마자 금세 자리가 가득찼다. 서울의 심장에 와 있으면서도 그렇게 이태원프리덤을 외쳤으면서도 여전한... ,5.0,"['디저트', '샹그리아', '와플', '케이크', '브런치', '나들이']"
써머레인,"경리단길 애견동반가능 카페 ""Summer Lane""",https://blog.naver.com/n1qaz/221335645334,레코드이슈에서 LP로 음악들으러 가끔 왔었던 경리단길 :-) 반려동물 동반 가능 카페가 있다길래 한 번 들려봤다 ㅎ 가는 길 치즈어랏(왼쪽 노란간판)과 해방부동산 사이에 언덕길을 오른다 사진은 그냥 그런데 경사가... ,5.0,"['디저트', '샹그리아', '와플', '케이크', '브런치', '나들이']"
써머레인,"이태원 애견동반 브런치카페, 써머레인 후기 (추천메뉴,가격)",https://blog.naver.com/martina0206/221311997572,"이태원 애견동반 카페 브런치 카페 , 써머레인 솔직 후기 (Summer Lane) 안녕하세요! 오늘은 지난 주말에 이태원에 위치한 애견동반카페, 써머레인 방문한 후기를 들고 왔습니닷 댕댕이를 진짜 좋아하지만 키울수가... ",5.0,"['디저트', '샹그리아', '와플', '케이크', '브런치', '나들이']"
써머레인,"이태원 브런치 맛집, 써머레인 Summer Lane",https://blog.naver.com/0661114/221343045162,안녕하세요 이웃님들 7월 말에 다녀온 이태원 써머레인 포스팅이에요! 이태원에서 친구들이랑 브런치를 먹기로 했는데 맛집에 빠삭한 언니가 찾은 이태원 브런치 맛집이에요! 호주식 브런치라고 해요! 처음에 예약을... ,5.0,"['디저트', '샹그리아', '와플', '케이크', '브런치', '나들이']"
써머레인,이태원 브런치 경리단길 써머레인 summer lane,https://blog.naver.com/rolen85/221038835130,"이태원 브런치 경리단길 써머레인 summer lane 이태원 경리단길에 새로 생긴, 써머레인 summer lane! 일요일 아침, 남친이 또 브런치 땡긴다고 해서 급 서치하다가 찾아낸 써머레인. 외관느낌도 완전 굳이고, 생긴지... ",5.0,"['디저트', '샹그리아', '와플', '케이크', '브런치', '나들이']"
써머레인,"[서울, 이태원] 이태원/ 경리단길 맛집 ""Summer Lane""",https://blog.naver.com/smilejhk501/221337849327,호주식 브런치라고하는데 개인적으로는 뭐.. 에그베네딕트는 미국식?아닌가..ㅎㅎㅎ 여튼 연어 에그베네딕트를 너무너무 먹고싶었는데 찾아내서 행복햇어요! 와플이라는 다른 느낌이지만 그래도 먹으러가는... ,5.0,"['디저트', '샹그리아', '와플', '케이크', '브런치', '나들이']"
써머레인,"이태원카페, 경리단길브런치카페 - 썸머레인[SUMMER LANE]",https://blog.naver.com/alfm914/221026261003,오늘은 이태원에 위치한... 저번주에 오픈한 핫플레이스 썸머레인에 다녀왔슴당 저의 이웃 먹본좌님이 사장이시죠 하하 외부 사진 보시죠!!! 외부입니당 저기 포토존도 보이네유 후후 내부로 들어오시면 정면으로... ,5.0,"['디저트', '샹그리아', '와플', '케이크', '브런치', '나들이']"
써머레인,이태원 경리단길 숨은 카페찾기 #인생파블로바 #수박케이크,https://blog.naver.com/jubulous/221144921068,"사가정요가 회원여러분 이제 검은 스타킹이나 얇은 내의는 필수가 된 겨울이에요~ 날이 너무너무 추워서 따뜻한 음료가 마시고 싶은 겨울, 요즘은 카페를 자주 가게 되는 것 같아요 외부에서 나들이를 하는 것 보다 분위기... ",5.0,"['디저트', '샹그리아', '와플', '케이크', '브런치', '나들이']"
써머레인,"경리단길 브런치 맛집 두 곳, [써머레인] 과 [리틀넥]",https://blog.naver.com/mariec_/221186968896,SUMMER LANE 네이버 지도에 주소찍고 걸어갔는데.. 엄청나게 가파른 언덕을 지나야 했다ㅋㅋ 귀여운 외관 디자인! 올데이 브런치♥ 호주에 사셨던 분들이 하는 호주식 브런치카페 써머레인 왼쪽부터 크로아상... ,5.0,"['디저트', '샹그리아', '와플', '케이크', '브런치', '나들이']"
써머레인,#54 PLASTIC FANTASTIC: 빛ㆍ컬러ㆍ판타지,https://blog.naver.com/apfhddyddyd/221154564500,요즘 브런치 먹으러다니는 재미에 빠져서 브런치 맛집만 찾아다녀요 ㅎ 써머레인 갔는데 블로그에서 보던거보다 아담하고 겨울보다는 여름이 어울리는 곳이었어요! 음식은 맛있지만 그래도 단연 페이퍼보이 인스타보니... ,5.0,"['디저트', '샹그리아', '와플', '케이크', '브런치', '나들이']"
써머레인,이태원 경리단길 호주 브런치 카페 써머레인 (Summer Lane),https://blog.naver.com/hoho2day/221142178211,"안녕하세요, 블루벨입니다 :-) 경리단길 분위기 좋고 맛있는 호주식 브런치 카페 다녀왔어요! 친구의 친구가 운영하는데라고 해서 따라갔는데 경리단길 어느 골목 언덕을 올라가니 하얗고 예쁜 매장이 나왔어요.... ",5.0,"['디저트', '샹그리아', '와플', '케이크', '브런치', '나들이']"
써머레인,[이태원/경리단길] SUMMER LANE_이태원경리단길숨은맛집... ,https://blog.naver.com/dudeks9738/221266740286,"[이태원/경리단길] SUMMER LANE_이태원경리단길숨은맛집, 조용한브런치맛집 안녕하세요;ㅁ; 신양입니다;ㅁ; 오늘은 SUMMER LANE을 가지고 왔어요;ㅁ;!! 경리단길 골목 어딘가에 있는 조그마한 브런치 까페에요;ㅁ;! 쫘란;ㅁ;!!... ",5.0,"['디저트', '샹그리아', '와플', '케이크', '브런치', '나들이']"
